id,source_uri,image_url
0,http://sprudge.com/a-few-good-yemen.html,http://sprudge.com/wp-content/uploads/2012/10/1019_yemen_coffee_630x420-440x293.jpg
1,http://sprudge.com/a-few-good-yemen.html,http://sprudge.com/wp-content/uploads/2012/10/1019_yemen_coffee_630x420-440x293.jpg
2,http://travelingluck.com/Asia/Yemen/Yemen+(general)/_71532_Qa%E1%B8%91%C4%81%27+Raymah.html,http://mw2.google.com/mw-panoramio/photos/small/3632271.jpg
3,http://www.acted.org/en/yemen,http://www.acted.org/sites/default/files/resize/imagecache/ActuNodeFull_580_336/pays-images-textarea/03_-_acted_yemen_-_15bbyo62_-_fara_al-udayn_0-300x225.jpg
4,http://www.acted.org/en/yemen,http://www.acted.org/sites/default/files/resize/imagecache/ActuNodeFull_580_336/pays-images-textarea/13_-_acted_yemen_-_15bbyo62_-_as-sabrah_0-243x183.jpg
5,http://sweetmarias.com/travelogues/Yemen_USAID_Danieli.html,http://sweetmarias.com/travelogues/Yemen_Nov_2007/Yemen_Nov_2007-Thumbnails/139.jpg
6,http://sweetmarias.com/travelogues/Yemen_USAID_Danieli.html,http://sweetmarias.com/travelogues/Yemen_Nov_2007/Yemen_Nov_2007-Thumbnails/157.jpg
7,http://sweetmarias.com/travelogues/Yemen_USAID_Danieli.html,http://sweetmarias.com/travelogues/Yemen_Nov_2007/Yemen_Nov_2007-Thumbnails/169.jpg
8,http://sweetmarias.com/travelogues/Yemen_USAID_Danieli.html,http://sweetmarias.com/travelogues/Yemen_Nov_2007/Yemen_Nov_2007-Thumbnails/184.jpg
9,http://sweetmarias.com/travelogues/Yemen_USAID_Danieli.html,http://sweetmarias.com/travelogues/Yemen_Nov_2007/Yemen_Nov_2007-Thumbnails/240.jpg
10,http://sweetmarias.com/travelogues/Yemen_USAID_Danieli.html,http://sweetmarias.com/travelogues/Yemen_Nov_2007/Yemen_Nov_2007-Thumbnails/253.jpg
11,http://sweetmarias.com/travelogues/Yemen_USAID_Danieli.html,http://sweetmarias.com/travelogues/Yemen_Nov_2007/Yemen_Nov_2007-Thumbnails/261.jpg
12,http://www.acted.org/en/reviving-cooperative-spirit-tackles-vicious-cycle-poverty,http://www.acted.org/sites/default/files/imagecache/ActuNodeFull_580_336/actu-images-top/cooperative_in_raymah_governorate.jpg
13,http://www.acted.org/en/reviving-cooperative-spirit-tackles-vicious-cycle-poverty,http://www.acted.org/sites/default/files/resize/imagecache/ActuNodeFull_580_336/actu-images-corps/a_home_gardening_kit_recipient_0-300x225.jpg
14,http://www.english.globalarabnetwork.com/201010297866/Travel/raymah-promising-wealth-in-yemen-mountains.html,http://www.english.globalarabnetwork.com/images/stories/2010/Oct/undefined/yemen_Raymah.jpg
15,http://travelingluck.com/Asia/Yemen/Yemen+(general)/_71532_Qa%E1%B8%91%C4%81%27+Raymah.html,http://mw2.google.com/mw-panoramio/photos/small/64756334.jpg
16,http://travelingluck.com/Asia/Yemen/Yemen+(general)/_71532_Qa%E1%B8%91%C4%81%27+Raymah.html,http://mw2.google.com/mw-panoramio/photos/small/34211952.jpg
17,http://travelingluck.com/Asia/Yemen/Yemen+(general)/_71532_Qa%E1%B8%91%C4%81%27+Raymah.html,http://mw2.google.com/mw-panoramio/photos/small/34947777.jpg
18,http://www.acted.org/en/acted-s-wide-ranging-programmes-re-build-livelihoods-yemen,http://www.acted.org/sites/default/files/resize/imagecache/ActuNodeFull_580_336/actu-images-corps/water_tank-200x155.png
19,http://www.acted.org/en/acted-s-wide-ranging-programmes-re-build-livelihoods-yemen,http://www.acted.org/sites/default/files/imagecache/ActuNodeFull_580_336/actu-images-top/dsc05673.jpg
20,http://crecye.com/features/a455.html,http://static.panoramio.com/photos/large/23801467.jpg
21,https://www.flickr.com/photos/julien_harneis/sets/72157635100217236/,https://c2.staticflickr.com/4/3817/9295946173_f21c16dcee_n.jpg
22,http://www.foreignaffairs.com/articles/139596/adam-heffez/how-yemen-chewed-itself-dry,http://static.guim.co.uk/sys-images/Environment/Pix/columnists/2010/2/26/1267203853367/Yemen-water-crisis-and-qa-001.jpg
23,http://www.acted.org/en/yemen,http://www.acted.org/sites/default/files/resize/imagecache/ActuNodeFull_580_336/pays-images-textarea/2013_yemen_04_0-300x225.jpg
